Fecha,Último
04.01.2010,133.9
05.01.2010,134.69
06.01.2010,132.25
07.01.2010,130
08.01.2010,133.52
11.01.2010,130.31
12.01.2010,127.35
13.01.2010,129.11
14.01.2010,127.35
15.01.2010,127.14
19.01.2010,127.61
20.01.2010,125.78
21.01.2010,126.62
22.01.2010,121.43
25.01.2010,120.31
26.01.2010,119.48
27.01.2010,122.75
28.01.2010,126.03
29.01.2010,125.41
01.02.2010,118.87
02.02.2010,118.12
03.02.2010,119.1
04.02.2010,115.94
05.02.2010,117.39
08.02.2010,116.83
09.02.2010,118.03
10.02.2010,117.36
11.02.2010,120.09
12.02.2010,119.66
16.02.2010,117.53
17.02.2010,116.31
18.02.2010,118.08
19.02.2010,117.52
22.02.2010,118.01
23.02.2010,117.24
24.02.2010,119.72
25.02.2010,118.2
26.02.2010,118.4
01.03.2010,124.54
02.03.2010,125.53
03.03.2010,125.89
04.03.2010,128.53
05.03.2010,128.91
08.03.2010,130.11
09.03.2010,128.82
10.03.2010,130.51
11.03.2010,133.58
12.03.2010,131.82
15.03.2010,131.13
16.03.2010,131.79
17.03.2010,131.34
18.03.2010,132.76
19.03.2010,130.35
22.03.2010,130.47
23.03.2010,129.26
24.03.2010,128.04
25.03.2010,134.73
26.03.2010,135.06
29.03.2010,135.12
30.03.2010,136.58
31.03.2010,135.77
01.04.2010,131.81
05.04.2010,131.49
06.04.2010,135.56
07.04.2010,134.87
08.04.2010,140.96
09.04.2010,140.06
12.04.2010,141.2
13.04.2010,140.16
14.04.2010,144.28
15.04.2010,145.82
16.04.2010,142.17
19.04.2010,142.43
20.04.2010,144.2
21.04.2010,146.43
22.04.2010,150.09
23.04.2010,143.63
26.04.2010,147.11
27.04.2010,142.02
28.04.2010,139.35
29.04.2010,141.73
30.04.2010,137.1
03.05.2010,137.49
04.05.2010,129.83
05.05.2010,130.93
06.05.2010,128.71
07.05.2010,124.98
10.05.2010,131.29
11.05.2010,130.46
12.05.2010,133.87
13.05.2010,131.47
14.05.2010,128.53
17.05.2010,128.91
18.05.2010,126.28
19.05.2010,124.59
20.05.2010,119.71
21.05.2010,122.72
24.05.2010,122.12
25.05.2010,124.86
26.05.2010,123.21
27.05.2010,126.7
28.05.2010,125.46
01.06.2010,123.24
02.06.2010,126.31
03.06.2010,128.76
04.06.2010,122.77
07.06.2010,122.01
08.06.2010,118.83
09.06.2010,117.91
10.06.2010,123.21
11.06.2010,123.03
14.06.2010,123.83
15.06.2010,126.84
16.06.2010,126.9
17.06.2010,125.89
18.06.2010,125.83
21.06.2010,122.55
22.06.2010,122.31
23.06.2010,121.45
24.06.2010,118.33
25.06.2010,121
28.06.2010,117.8
29.06.2010,108.61
30.06.2010,109.26
01.07.2010,110.96
02.07.2010,109.14
06.07.2010,110.06
07.07.2010,113.43
08.07.2010,116.22
09.07.2010,117.26
12.07.2010,119.51
13.07.2010,123.65
14.07.2010,123.3
15.07.2010,122.06
16.07.2010,118.49
19.07.2010,119.94
20.07.2010,120.1
21.07.2010,117.43
22.07.2010,120.07
23.07.2010,118.87
26.07.2010,118.4
27.07.2010,117.13
28.07.2010,117.13
29.07.2010,116.86
30.07.2010,117.89
02.08.2010,120.07
03.08.2010,122.42
04.08.2010,127.58
05.08.2010,127.83
06.08.2010,128.32
09.08.2010,128.83
10.08.2010,130
11.08.2010,125.89
12.08.2010,126.56
13.08.2010,124.69
16.08.2010,126.07
17.08.2010,128.86
18.08.2010,129.65
19.08.2010,127.57
20.08.2010,127.76
23.08.2010,126.6
24.08.2010,124.53
25.08.2010,126.85
26.08.2010,124.86
27.08.2010,126.64
30.08.2010,123.79
31.08.2010,124.83
01.09.2010,132.49
02.09.2010,135.21
03.09.2010,138.79
07.09.2010,137.22
08.09.2010,139.14
09.09.2010,140.38
10.09.2010,142.44
13.09.2010,145.07
14.09.2010,145.75
15.09.2010,145.45
16.09.2010,148.13
17.09.2010,148.32
20.09.2010,151.3
21.09.2010,150.73
22.09.2010,151.83
23.09.2010,152.85
24.09.2010,160.73
27.09.2010,159.37
28.09.2010,159.7
29.09.2010,158.99
30.09.2010,157.06
01.10.2010,153.71
04.10.2010,155.39
05.10.2010,160.87
06.10.2010,155.4
07.10.2010,156.27
08.10.2010,155.55
11.10.2010,153.03
12.10.2010,156.48
13.10.2010,155.17
14.10.2010,155.53
15.10.2010,164.64
18.10.2010,163.56
19.10.2010,158.67
20.10.2010,158.67
21.10.2010,164.97
22.10.2010,169.13
25.10.2010,169
26.10.2010,169.95
27.10.2010,167.51
28.10.2010,166.84
29.10.2010,165.23
01.11.2010,162.58
02.11.2010,164.61
03.11.2010,168.47
04.11.2010,168.93
05.11.2010,170.77
08.11.2010,171.99
09.11.2010,170.27
10.11.2010,173.33
11.11.2010,170.37
12.11.2010,165.68
15.11.2010,158.9
16.11.2010,157.78
17.11.2010,158.35
18.11.2010,164.17
19.11.2010,164.82
22.11.2010,170.39
23.11.2010,168.2
24.11.2010,177.25
26.11.2010,177.5
29.11.2010,179.49
30.11.2010,175.4
01.12.2010,176.55
02.12.2010,176.53
03.12.2010,175.68
06.12.2010,178.05
07.12.2010,176.77
08.12.2010,176.29
09.12.2010,174.85
10.12.2010,175.62
13.12.2010,174.25
14.12.2010,173.94
15.12.2010,175.57
16.12.2010,178.04
17.12.2010,177.58
20.12.2010,183.29
21.12.2010,184.75
22.12.2010,184.76
23.12.2010,182.59
27.12.2010,182.14
28.12.2010,181.09
29.12.2010,183.37
30.12.2010,182.75
31.12.2010,180
03.01.2011,184.22
04.01.2011,185.01
05.01.2011,187.42
06.01.2011,185.86
07.01.2011,185.49
10.01.2011,184.68
11.01.2011,184.34
12.01.2011,184.08
13.01.2011,185.53
14.01.2011,188.75
18.01.2011,191.25
19.01.2011,186.87
20.01.2011,181.96
21.01.2011,177.42
24.01.2011,176.85
25.01.2011,176.7
26.01.2011,175.39
27.01.2011,184.45
28.01.2011,171.14
31.01.2011,169.64
01.02.2011,172.11
02.02.2011,173.53
03.02.2011,173.71
04.02.2011,175.93
07.02.2011,176.43
08.02.2011,183.06
09.02.2011,185.3
10.02.2011,186.21
11.02.2011,189.25
14.02.2011,190.42
15.02.2011,189.03
16.02.2011,186.62
17.02.2011,187.76
18.02.2011,186.5
22.02.2011,180.42
23.02.2011,176.68
24.02.2011,177.75
25.02.2011,177.24
28.02.2011,173.29
01.03.2011,169.44
02.03.2011,172.02
03.03.2011,172.79
04.03.2011,171.67
07.03.2011,169.08
08.03.2011,166.89
09.03.2011,169.05
10.03.2011,166.14
11.03.2011,168.07
14.03.2011,166.73
15.03.2011,165.08
16.03.2011,164.7
17.03.2011,160.97
18.03.2011,161.82
21.03.2011,164.53
22.03.2011,162.6
23.03.2011,165.32
24.03.2011,171.1
25.03.2011,170.98
28.03.2011,169.35
29.03.2011,174.62
30.03.2011,179.42
31.03.2011,180.13
01.04.2011,180.13
04.04.2011,182.94
05.04.2011,185.29
06.04.2011,182.76
07.04.2011,184.91
08.04.2011,184.71
11.04.2011,184.04
12.04.2011,180.48
13.04.2011,182.29
14.04.2011,181.82
15.04.2011,180.01
18.04.2011,178.34
19.04.2011,178.82
20.04.2011,183.87
21.04.2011,185.89
25.04.2011,185.42
26.04.2011,182.3
27.04.2011,196.63
28.04.2011,195.07
29.04.2011,195.81
02.05.2011,201.19
03.05.2011,198.45
04.05.2011,199.97
05.05.2011,197.11
06.05.2011,197.6
09.05.2011,200.8
10.05.2011,203.94
11.05.2011,204.38
12.05.2011,206.07
13.05.2011,202.56
16.05.2011,192.51
17.05.2011,194.81
18.05.2011,197.09
19.05.2011,198.81
20.05.2011,198.65
23.05.2011,196.22
24.05.2011,193.27
25.05.2011,192.26
26.05.2011,195
27.05.2011,194.13
31.05.2011,196.69
01.06.2011,192.4
02.06.2011,193.65
03.06.2011,188.32
06.06.2011,185.69
07.06.2011,187.55
08.06.2011,188.05
09.06.2011,189.68
10.06.2011,186.53
13.06.2011,186.29
14.06.2011,189.96
15.06.2011,185.98
16.06.2011,183.65
17.06.2011,186.37
20.06.2011,187.72
21.06.2011,194.23
22.06.2011,191.63
23.06.2011,194.16
24.06.2011,192.55
27.06.2011,201.25
28.06.2011,202.35
29.06.2011,204.18
30.06.2011,204.49
01.07.2011,209.49
05.07.2011,213.19
06.07.2011,214.19
07.07.2011,216.74
08.07.2011,218.28
11.07.2011,212.55
12.07.2011,211.23
13.07.2011,213.5
14.07.2011,210.38
15.07.2011,212.87
18.07.2011,211.53
19.07.2011,218.06
20.07.2011,215.55
21.07.2011,213.21
22.07.2011,216.52
25.07.2011,213.49
26.07.2011,214.18
27.07.2011,222.52
28.07.2011,223.9
29.07.2011,222.52
01.08.2011,221.32
02.08.2011,211.7
03.08.2011,209.96
04.08.2011,201.48
05.08.2011,202.7
08.08.2011,193.7
09.08.2011,205.09
10.08.2011,194.13
11.08.2011,198.36
12.08.2011,202.3
15.08.2011,202.95
16.08.2011,197.68
17.08.2011,195.93
18.08.2011,182.52
19.08.2011,178.93
22.08.2011,177.54
23.08.2011,193.55
24.08.2011,193.73
25.08.2011,192.03
26.08.2011,199.27
29.08.2011,206.53
30.08.2011,210.92
31.08.2011,215.23
01.09.2011,212.54
02.09.2011,210
06.09.2011,216.18
07.09.2011,219.9
08.09.2011,217.26
09.09.2011,211.39
12.09.2011,216.56
13.09.2011,219.53
14.09.2011,222.57
15.09.2011,226.78
16.09.2011,239.3
19.09.2011,241.69
20.09.2011,233.25
21.09.2011,231.87
22.09.2011,223.23
23.09.2011,223.61
26.09.2011,229.85
27.09.2011,224.21
28.09.2011,229.71
29.09.2011,222.44
30.09.2011,216.23
03.10.2011,211.98
04.10.2011,212.5
05.10.2011,219.5
06.10.2011,221.51
07.10.2011,224.74
10.10.2011,231.32
11.10.2011,235.48
12.10.2011,236.81
13.10.2011,236.15
14.10.2011,246.71
17.10.2011,242.33
18.10.2011,243.88
19.10.2011,231.53
20.10.2011,233.61
21.10.2011,234.78
24.10.2011,237.61
25.10.2011,227.15
26.10.2011,198.4
27.10.2011,206.78
28.10.2011,217.32
31.10.2011,213.51
01.11.2011,212.1
02.11.2011,215.62
03.11.2011,218.29
04.11.2011,216.48
07.11.2011,217
08.11.2011,217.99
09.11.2011,211.22
10.11.2011,210.79
11.11.2011,217.39
14.11.2011,218.93
15.11.2011,217.83
16.11.2011,211.99
17.11.2011,204.52
18.11.2011,197.14
21.11.2011,189.25
22.11.2011,192.34
23.11.2011,188.99
25.11.2011,182.4
28.11.2011,194.15
29.11.2011,188.39
30.11.2011,192.29
01.12.2011,197.13
02.12.2011,196.03
05.12.2011,196.24
06.12.2011,191.99
07.12.2011,195.32
08.12.2011,190.48
09.12.2011,193.03
12.12.2011,189.52
13.12.2011,180.51
14.12.2011,180.21
15.12.2011,181.26
16.12.2011,181.26
19.12.2011,179.33
20.12.2011,182.52
21.12.2011,174.35
22.12.2011,179.03
23.12.2011,177.28
27.12.2011,176.27
28.12.2011,173.89
29.12.2011,173.86
30.12.2011,173.1
03.01.2012,179.03
04.01.2012,177.51
05.01.2012,177.61
06.01.2012,182.61
09.01.2012,178.56
10.01.2012,179.34
11.01.2012,178.9
12.01.2012,175.93
13.01.2012,178.42
17.01.2012,181.66
18.01.2012,189.44
19.01.2012,194.45
20.01.2012,190.93
23.01.2012,186.09
24.01.2012,187
25.01.2012,187.8
26.01.2012,193.32
27.01.2012,195.37
30.01.2012,192.15
31.01.2012,194.44
01.02.2012,179.46
02.02.2012,181.72
03.02.2012,187.68
06.02.2012,183.14
07.02.2012,184.19
08.02.2012,185.48
09.02.2012,184.98
10.02.2012,185.54
13.02.2012,191.59
14.02.2012,191.3
15.02.2012,184.47
16.02.2012,179.93
17.02.2012,182.5
21.02.2012,182.26
22.02.2012,180.58
23.02.2012,178.89
24.02.2012,179.13
27.02.2012,178.53
28.02.2012,183.8
29.02.2012,179.69
01.03.2012,180.04
02.03.2012,179.3
05.03.2012,180.26
06.03.2012,181.09
07.03.2012,183.77
08.03.2012,187.64
09.03.2012,184.32
12.03.2012,183.39
13.03.2012,184.59
14.03.2012,182.26
15.03.2012,184.43
16.03.2012,185.05
19.03.2012,185.52
20.03.2012,192.33
21.03.2012,191.73
22.03.2012,192.4
23.03.2012,195.04
26.03.2012,202.87
27.03.2012,205.44
28.03.2012,201.16
29.03.2012,204.61
30.03.2012,202.51
02.04.2012,198.05
03.04.2012,199.66
04.04.2012,193.99
05.04.2012,194.39
09.04.2012,191.87
10.04.2012,186.98
11.04.2012,187.97
12.04.2012,190.69
13.04.2012,188.46
16.04.2012,185.5
17.04.2012,188.39
18.04.2012,191.07
19.04.2012,191.1
20.04.2012,189.98
23.04.2012,188.24
24.04.2012,190.33
25.04.2012,194.42
26.04.2012,195.99
27.04.2012,226.85
30.04.2012,231.9
01.05.2012,230.04
02.05.2012,230.25
03.05.2012,229.45
04.05.2012,223.99
07.05.2012,225.16
08.05.2012,223.9
09.05.2012,222.98
10.05.2012,226.69
11.05.2012,227.68
14.05.2012,222.93
15.05.2012,224.39
16.05.2012,224.06
17.05.2012,218.36
18.05.2012,213.85
21.05.2012,218.11
22.05.2012,215.33
23.05.2012,217.28
24.05.2012,215.24
25.05.2012,212.89
29.05.2012,214.75
30.05.2012,209.23
31.05.2012,212.91
01.06.2012,208.22
04.06.2012,214.57
05.06.2012,213.21
06.06.2012,217.64
07.06.2012,218.8
08.06.2012,218.48
11.06.2012,216.5
12.06.2012,216.42
13.06.2012,214.73
14.06.2012,214.45
15.06.2012,218.35
18.06.2012,222.66
19.06.2012,224.03
20.06.2012,223.02
21.06.2012,220.57
22.06.2012,222.16
25.06.2012,220.07
26.06.2012,225.61
27.06.2012,225.62
28.06.2012,221.31
29.06.2012,228.35
02.07.2012,229.32
03.07.2012,229.53
05.07.2012,227.06
06.07.2012,225.05
09.07.2012,225.05
10.07.2012,219.5
11.07.2012,218.37
12.07.2012,215.36
13.07.2012,218.39
16.07.2012,216.01
17.07.2012,216.93
18.07.2012,217.47
19.07.2012,226.17
20.07.2012,228.29
23.07.2012,226.01
24.07.2012,223.04
25.07.2012,217.05
26.07.2012,220.01
27.07.2012,237.32
30.07.2012,236.09
31.07.2012,233.3
01.08.2012,232.09
02.08.2012,230.81
03.08.2012,234.97
06.08.2012,233.99
07.08.2012,236.56
08.08.2012,234.38
09.08.2012,234.06
10.08.2012,232.75
13.08.2012,232.44
14.08.2012,233.19
15.08.2012,237.42
16.08.2012,241.55
17.08.2012,241.17
20.08.2012,240.35
21.08.2012,239.45
22.08.2012,243.1
23.08.2012,241.2
24.08.2012,245.74
27.08.2012,243.92
28.08.2012,246.11
29.08.2012,247.12
30.08.2012,246.22
31.08.2012,248.27
04.09.2012,247.88
05.09.2012,246.22
06.09.2012,251.38
07.09.2012,259.14
10.09.2012,257.09
11.09.2012,255.67
12.09.2012,255.63
13.09.2012,260.24
14.09.2012,261.27
17.09.2012,258
18.09.2012,258.75
19.09.2012,261.68
20.09.2012,260.81
21.09.2012,257.47
24.09.2012,254.81
25.09.2012,252.46
26.09.2012,249.67
27.09.2012,256.59
28.09.2012,254.32
01.10.2012,252.01
02.10.2012,250.6
03.10.2012,255.92
04.10.2012,260.47
05.10.2012,258.51
08.10.2012,259.06
09.10.2012,250.96
10.10.2012,244.99
11.10.2012,244.22
12.10.2012,242.36
15.10.2012,244.18
16.10.2012,243.94
17.10.2012,247.49
18.10.2012,244.85
19.10.2012,240
22.10.2012,233.78
23.10.2012,234.31
24.10.2012,228.49
25.10.2012,222.92
26.10.2012,238.24
31.10.2012,232.89
01.11.2012,232.14
02.11.2012,232.42
05.11.2012,234.33
06.11.2012,237.56
07.11.2012,232.06
08.11.2012,227.35
09.11.2012,226.31
12.11.2012,226.47
13.11.2012,226.6
14.11.2012,222.95
15.11.2012,220.6
16.11.2012,225.23
19.11.2012,229.71
20.11.2012,233.78
21.11.2012,238.03
23.11.2012,239.88
26.11.2012,243.62
27.11.2012,243.4
28.11.2012,247.11
29.11.2012,251.27
30.11.2012,252.05
03.12.2012,250.33
04.12.2012,252.49
05.12.2012,253.96
06.12.2012,253.37
07.12.2012,253.27
10.12.2012,247.77
11.12.2012,250.69
12.12.2012,251.76
13.12.2012,251.25
14.12.2012,249.19
17.12.2012,253.86
18.12.2012,260.4
19.12.2012,257.99
20.12.2012,261.5
21.12.2012,256.92
24.12.2012,258.62
26.12.2012,248.63
27.12.2012,248.31
28.12.2012,245.18
31.12.2012,250.87
02.01.2013,257.31
03.01.2013,258.48
04.01.2013,259.15
07.01.2013,268.46
08.01.2013,266.38
09.01.2013,266.35
10.01.2013,265.34
11.01.2013,267.94
14.01.2013,272.73
15.01.2013,271.9
16.01.2013,268.93
17.01.2013,270.48
18.01.2013,272.12
22.01.2013,270.19
23.01.2013,268.11
24.01.2013,273.62
25.01.2013,283.99
28.01.2013,276.04
29.01.2013,260.35
30.01.2013,272.76
31.01.2013,265.5
01.02.2013,265
04.02.2013,259.98
05.02.2013,266.89
06.02.2013,262.22
07.02.2013,260.23
08.02.2013,261.95
11.02.2013,257.21
12.02.2013,258.7
13.02.2013,269.47
14.02.2013,269.24
15.02.2013,265.09
19.02.2013,269.75
20.02.2013,266.41
21.02.2013,265.94
22.02.2013,265.42
25.02.2013,259.87
26.02.2013,259.36
27.02.2013,263.25
28.02.2013,264.27
01.03.2013,265.74
04.03.2013,273.11
05.03.2013,275.59
06.03.2013,273.79
07.03.2013,273.88
08.03.2013,274.19
11.03.2013,271.24
12.03.2013,274.13
13.03.2013,275.1
14.03.2013,265.74
15.03.2013,261.82
18.03.2013,257.89
19.03.2013,256.41
20.03.2013,257.28
21.03.2013,253.39
22.03.2013,257.75
25.03.2013,256.02
26.03.2013,260.31
27.03.2013,265.3
28.03.2013,266.49
01.04.2013,261.61
02.04.2013,263.32
03.04.2013,259.03
04.04.2013,259.08
05.04.2013,255.48
08.04.2013,258.95
09.04.2013,261.14
10.04.2013,264.77
11.04.2013,269.85
12.04.2013,272.87
15.04.2013,267.72
16.04.2013,272.34
17.04.2013,267.4
18.04.2013,259.42
19.04.2013,260.32
22.04.2013,263.55
23.04.2013,268.9
24.04.2013,268.78
25.04.2013,274.7
26.04.2013,254.81
29.04.2013,249.74
30.04.2013,253.81
01.05.2013,248.23
02.05.2013,252.55
03.05.2013,258.05
06.05.2013,255.72
07.05.2013,257.73
08.05.2013,258.68
09.05.2013,260.16
10.05.2013,263.63
13.05.2013,264.51
14.05.2013,268.33
15.05.2013,266.56
16.05.2013,264.12
17.05.2013,269.9
20.05.2013,267.63
21.05.2013,268.86
22.05.2013,262.96
23.05.2013,261.8
24.05.2013,261.74
28.05.2013,267.29
29.05.2013,265.53
30.05.2013,266.83
31.05.2013,269.2
03.06.2013,266.88
04.06.2013,265.7
05.06.2013,267.17
06.06.2013,267.83
07.06.2013,276.87
10.06.2013,281.07
11.06.2013,274.78
12.06.2013,271.67
13.06.2013,275.79
14.06.2013,273.99
17.06.2013,278.06
18.06.2013,281.76
19.06.2013,278.16
20.06.2013,273.44
21.06.2013,273.36
24.06.2013,270.61
25.06.2013,272.09
26.06.2013,277.57
27.06.2013,277.55
28.06.2013,277.69
01.07.2013,282.1
02.07.2013,283.73
03.07.2013,284.03
05.07.2013,285.88
08.07.2013,290.59
09.07.2013,291.53
10.07.2013,292.33
11.07.2013,299.66
12.07.2013,307.55
15.07.2013,306.57
16.07.2013,306.87
17.07.2013,308.69
18.07.2013,304.11
19.07.2013,305.23
22.07.2013,303.48
23.07.2013,301.06
24.07.2013,298.94
25.07.2013,303.4
26.07.2013,312.01
29.07.2013,306.1
30.07.2013,302.41
31.07.2013,301.22
01.08.2013,305.57
02.08.2013,304.21
05.08.2013,300.99
06.08.2013,300.75
07.08.2013,296.91
08.08.2013,295.74
09.08.2013,297.26
12.08.2013,296.69
13.08.2013,293.97
14.08.2013,291.34
15.08.2013,286.47
16.08.2013,284.82
19.08.2013,285.57
20.08.2013,287.09
21.08.2013,284.57
22.08.2013,289.73
23.08.2013,290.01
26.08.2013,286.21
27.08.2013,280.93
28.08.2013,281.58
29.08.2013,283.98
30.08.2013,280.98
03.09.2013,288.8
04.09.2013,293.64
05.09.2013,294.1
06.09.2013,295.86
09.09.2013,299.71
10.09.2013,300.36
11.09.2013,299.64
12.09.2013,298.86
13.09.2013,297.92
16.09.2013,296.06
17.09.2013,304.17
18.09.2013,312.03
19.09.2013,312.06
20.09.2013,316.34
23.09.2013,311.49
24.09.2013,314.13
25.09.2013,312.65
26.09.2013,318.12
27.09.2013,316.01
30.09.2013,312.64
01.10.2013,320.95
02.10.2013,320.51
03.10.2013,314.76
04.10.2013,319.04
07.10.2013,310.03
08.10.2013,303.23
09.10.2013,298.23
10.10.2013,305.17
11.10.2013,310.89
14.10.2013,310.7
15.10.2013,306.4
16.10.2013,310.49
17.10.2013,310.77
18.10.2013,328.93
21.10.2013,326.44
22.10.2013,332.54
23.10.2013,326.76
24.10.2013,332.21
25.10.2013,363.39
28.10.2013,358.16
29.10.2013,362.7
30.10.2013,361.08
31.10.2013,364.03
01.11.2013,359
04.11.2013,358.74
05.11.2013,358.89
06.11.2013,356.18
07.11.2013,343.56
08.11.2013,350.31
11.11.2013,354.38
12.11.2013,349.53
13.11.2013,356.22
14.11.2013,367.4
15.11.2013,369.17
18.11.2013,366.18
19.11.2013,364.94
20.11.2013,362.57
21.11.2013,368.92
22.11.2013,372.31
25.11.2013,376.64
26.11.2013,381.37
27.11.2013,386.71
29.11.2013,393.62
02.12.2013,392.3
03.12.2013,384.66
04.12.2013,385.96
05.12.2013,384.49
06.12.2013,386.95
09.12.2013,384.89
10.12.2013,387.78
11.12.2013,382.19
12.12.2013,381.25
13.12.2013,384.24
16.12.2013,388.97
17.12.2013,387.65
18.12.2013,395.96
19.12.2013,395.19
20.12.2013,402.2
23.12.2013,402.92
24.12.2013,399.2
26.12.2013,404.39
27.12.2013,398.08
30.12.2013,393.37
31.12.2013,398.79
02.01.2014,397.97
03.01.2014,396.44
06.01.2014,393.63
07.01.2014,398.03
08.01.2014,401.92
09.01.2014,401.01
10.01.2014,397.66
13.01.2014,390.98
14.01.2014,397.54
15.01.2014,395.87
16.01.2014,395.8
17.01.2014,399.61
21.01.2014,407.05
22.01.2014,404.54
23.01.2014,399.87
24.01.2014,387.6
27.01.2014,386.28
28.01.2014,394.43
29.01.2014,384.2
30.01.2014,403.01
31.01.2014,358.69
03.02.2014,346.15
04.02.2014,347.95
05.02.2014,346.45
06.02.2014,354.59
07.02.2014,361.08
10.02.2014,360.87
11.02.2014,361.79
12.02.2014,349.25
13.02.2014,357.2
14.02.2014,357.35
18.02.2014,353.65
19.02.2014,347.38
20.02.2014,349.8
21.02.2014,346.76
24.02.2014,351.78
25.02.2014,358.32
26.02.2014,359.8
27.02.2014,360.13
28.02.2014,362.1
03.03.2014,359.78
04.03.2014,363.9
05.03.2014,372.37
06.03.2014,372.16
07.03.2014,372.06
10.03.2014,370.53
11.03.2014,368.82
12.03.2014,370.64
13.03.2014,371.51
14.03.2014,373.74
17.03.2014,375.04
18.03.2014,378.77
19.03.2014,373.23
20.03.2014,368.97
21.03.2014,360.62
24.03.2014,351.85
25.03.2014,354.71
26.03.2014,343.41
27.03.2014,338.47
28.03.2014,338.29
31.03.2014,336.37
01.04.2014,342.99
02.04.2014,341.96
03.04.2014,333.62
04.04.2014,323
07.04.2014,317.76
08.04.2014,327.07
09.04.2014,331.81
10.04.2014,317.11
11.04.2014,311.73
14.04.2014,315.91
15.04.2014,316.08
16.04.2014,323.68
17.04.2014,324.91
21.04.2014,330.87
22.04.2014,329.32
23.04.2014,324.58
24.04.2014,337.15
25.04.2014,303.83
28.04.2014,296.58
29.04.2014,300.38
30.04.2014,304.13
01.05.2014,307.89
02.05.2014,308.01
05.05.2014,310.05
06.05.2014,297.38
07.05.2014,292.71
08.05.2014,288.32
09.05.2014,292.24
12.05.2014,302.86
13.05.2014,304.64
14.05.2014,297.62
15.05.2014,295.19
16.05.2014,297.7
19.05.2014,296.75
20.05.2014,301.19
21.05.2014,305.01
22.05.2014,304.91
23.05.2014,312.24
27.05.2014,310.82
28.05.2014,310.16
29.05.2014,313.78
30.05.2014,312.55
02.06.2014,308.84
03.06.2014,307.19
04.06.2014,306.78
05.06.2014,323.57
06.06.2014,329.67
09.06.2014,327.5
10.06.2014,332.41
11.06.2014,335.2
12.06.2014,325.91
13.06.2014,326.27
16.06.2014,327.62
17.06.2014,325.62
18.06.2014,334.38
19.06.2014,327
20.06.2014,324.2
23.06.2014,327.24
24.06.2014,324.16
25.06.2014,327.44
26.06.2014,325.69
27.06.2014,324.57
30.06.2014,324.78
01.07.2014,332.39
02.07.2014,332.85
03.07.2014,337.49
07.07.2014,333.55
08.07.2014,323.81
09.07.2014,329.97
10.07.2014,327.92
11.07.2014,346.2
14.07.2014,355.32
15.07.2014,354.44
16.07.2014,355.9
17.07.2014,352.45
18.07.2014,358.66
21.07.2014,359.76
22.07.2014,360.84
23.07.2014,358.14
24.07.2014,358.61
25.07.2014,324.01
28.07.2014,320.41
29.07.2014,320
30.07.2014,322.51
31.07.2014,312.99
01.08.2014,307.06
04.08.2014,313.65
05.08.2014,312.32
06.08.2014,313.89
07.08.2014,311.45
08.08.2014,316.8
11.08.2014,318.33
12.08.2014,319.32
13.08.2014,326.28
14.08.2014,333.21
15.08.2014,333.63
18.08.2014,334.53
19.08.2014,335.13
20.08.2014,335.78
21.08.2014,332.91
22.08.2014,331.59
25.08.2014,334.02
26.08.2014,341.83
27.08.2014,343.18
28.08.2014,340.02
29.08.2014,339.04
02.09.2014,342.38
03.09.2014,339
04.09.2014,345.95
05.09.2014,346.38
08.09.2014,342.34
09.09.2014,329.75
10.09.2014,331.33
11.09.2014,330.52
12.09.2014,331.19
15.09.2014,323.89
16.09.2014,327.76
17.09.2014,324
18.09.2014,325
19.09.2014,331.32
22.09.2014,324.5
23.09.2014,323.63
24.09.2014,328.21
25.09.2014,321.93
26.09.2014,323.21
29.09.2014,321.82
30.09.2014,322.44
01.10.2014,317.46
02.10.2014,318.41
03.10.2014,322.74
06.10.2014,322.2
07.10.2014,316.98
08.10.2014,322.7
09.10.2014,315.37
10.10.2014,311.39
13.10.2014,306.45
14.10.2014,308.31
15.10.2014,305.97
16.10.2014,302.86
17.10.2014,303.64
20.10.2014,306.21
21.10.2014,315.33
22.10.2014,312.97
23.10.2014,313.18
24.10.2014,287.06
27.10.2014,289.97
28.10.2014,295.59
29.10.2014,294.12
30.10.2014,299.07
31.10.2014,305.46
03.11.2014,305.72
04.11.2014,302.81
05.11.2014,296.52
06.11.2014,296.64
07.11.2014,299.86
10.11.2014,305.11
11.11.2014,312.01
12.11.2014,311.51
13.11.2014,316.48
14.11.2014,327.82
17.11.2014,323.05
18.11.2014,324.93
19.11.2014,326.54
20.11.2014,330.54
21.11.2014,332.63
24.11.2014,335.64
25.11.2014,335.04
26.11.2014,333.57
28.11.2014,338.64
01.12.2014,326
02.12.2014,326.31
03.12.2014,316.5
04.12.2014,316.93
05.12.2014,312.63
08.12.2014,306.64
09.12.2014,312.5
10.12.2014,305.84
11.12.2014,307.36
12.12.2014,307.32
15.12.2014,306.07
16.12.2014,295.06
17.12.2014,298.88
18.12.2014,297.73
19.12.2014,299.9
22.12.2014,306.54
23.12.2014,306.29
24.12.2014,303.03
26.12.2014,309.09
29.12.2014,312.04
30.12.2014,310.3
31.12.2014,310.35
02.01.2015,308.52
05.01.2015,302.19
06.01.2015,295.29
07.01.2015,298.42
08.01.2015,300.46
09.01.2015,296.93
12.01.2015,291.41
13.01.2015,294.74
14.01.2015,293.27
15.01.2015,286.95
16.01.2015,290.74
20.01.2015,289.44
21.01.2015,297.25
22.01.2015,310.32
23.01.2015,312.39
26.01.2015,309.66
27.01.2015,306.75
28.01.2015,303.91
29.01.2015,311.78
30.01.2015,354.53
02.02.2015,364.47
03.02.2015,363.55
04.02.2015,364.75
05.02.2015,373.89
06.02.2015,374.28
09.02.2015,370.56
10.02.2015,373
11.02.2015,375.14
12.02.2015,377.17
13.02.2015,381.83
17.02.2015,375.43
18.02.2015,373.37
19.02.2015,379
20.02.2015,383.66
23.02.2015,380.14
24.02.2015,378.59
25.02.2015,385.37
26.02.2015,384.8
27.02.2015,380.16
02.03.2015,385.65
03.03.2015,384.61
04.03.2015,382.72
05.03.2015,387.83
06.03.2015,380.09
09.03.2015,378.56
10.03.2015,369.51
11.03.2015,366.37
12.03.2015,374.24
13.03.2015,370.58
16.03.2015,373.35
17.03.2015,371.92
18.03.2015,375.13
19.03.2015,373.24
20.03.2015,378.49
23.03.2015,375.11
24.03.2015,374.09
25.03.2015,370.96
26.03.2015,367.35
27.03.2015,370.56
30.03.2015,374.59
31.03.2015,372.1
01.04.2015,370.25
02.04.2015,372.25
06.04.2015,377.04
07.04.2015,374.41
08.04.2015,381.2
09.04.2015,383.54
10.04.2015,382.65
13.04.2015,382.36
14.04.2015,385.11
15.04.2015,383.45
16.04.2015,386.04
17.04.2015,375.56
20.04.2015,389.51
21.04.2015,391.18
22.04.2015,389.8
23.04.2015,389.99
24.04.2015,445.1
27.04.2015,438.56
28.04.2015,429.31
29.04.2015,429.37
30.04.2015,421.78
01.05.2015,422.87
04.05.2015,423.04
05.05.2015,421.19
06.05.2015,419.1
07.05.2015,426.88
08.05.2015,433.69
11.05.2015,432.85
12.05.2015,431.02
13.05.2015,426.87
14.05.2015,432.28
15.05.2015,426
18.05.2015,425.24
19.05.2015,421.71
20.05.2015,423.86
21.05.2015,431.63
22.05.2015,427.63
26.05.2015,425.47
27.05.2015,431.42
28.05.2015,426.57
29.05.2015,429.23
01.06.2015,430.92
02.06.2015,430.99
03.06.2015,436.59
04.06.2015,430.78
05.06.2015,426.95
08.06.2015,423.5
09.06.2015,425.48
10.06.2015,430.77
11.06.2015,432.97
12.06.2015,429.92
15.06.2015,423.67
16.06.2015,427.26
17.06.2015,427.81
18.06.2015,439.39
19.06.2015,434.92
22.06.2015,436.29
23.06.2015,445.99
24.06.2015,440.84
25.06.2015,440.1
26.06.2015,438.1
29.06.2015,429.86
30.06.2015,434.09
01.07.2015,437.39
02.07.2015,437.71
06.07.2015,436.04
07.07.2015,436.72
08.07.2015,429.7
09.07.2015,434.39
10.07.2015,443.51
13.07.2015,455.57
14.07.2015,465.57
15.07.2015,461.19
16.07.2015,475.48
17.07.2015,483.01
20.07.2015,488.1
21.07.2015,488
22.07.2015,488.27
23.07.2015,482.18
24.07.2015,529.42
27.07.2015,531.41
28.07.2015,526.03
29.07.2015,529
30.07.2015,536.76
31.07.2015,536.15
03.08.2015,535.03
04.08.2015,531.9
05.08.2015,537.01
06.08.2015,529.46
07.08.2015,522.62
10.08.2015,524
11.08.2015,527.46
12.08.2015,525.91
13.08.2015,529.66
14.08.2015,531.52
17.08.2015,535.22
18.08.2015,535.02
19.08.2015,532.92
20.08.2015,515.78
21.08.2015,494.47
24.08.2015,463.37
25.08.2015,466.37
26.08.2015,500.77
27.08.2015,518.37
28.08.2015,518.01
31.08.2015,512.89
01.09.2015,496.54
02.09.2015,510.55
03.09.2015,504.72
04.09.2015,499
08.09.2015,517.54
09.09.2015,516.89
10.09.2015,522.24
11.09.2015,529.44
14.09.2015,521.38
15.09.2015,522.37
16.09.2015,527.39
17.09.2015,538.87
18.09.2015,540.26
21.09.2015,548.39
22.09.2015,538.4
23.09.2015,536.07
24.09.2015,533.75
25.09.2015,524.25
28.09.2015,504.06
29.09.2015,496.07
30.09.2015,511.89
01.10.2015,520.72
02.10.2015,532.54
05.10.2015,543.68
06.10.2015,537.48
07.10.2015,541.94
08.10.2015,533.16
09.10.2015,539.8
12.10.2015,550.19
13.10.2015,548.9
14.10.2015,544.83
15.10.2015,562.44
16.10.2015,570.76
19.10.2015,573.15
20.10.2015,560.88
21.10.2015,555.77
22.10.2015,563.91
23.10.2015,599.03
26.10.2015,608.61
27.10.2015,611.01
28.10.2015,617.1
29.10.2015,626.55
30.10.2015,625.9
02.11.2015,628.35
03.11.2015,625.31
04.11.2015,640.95
05.11.2015,655.65
06.11.2015,659.37
09.11.2015,655.49
10.11.2015,659.68
11.11.2015,673.25
12.11.2015,665.6
13.11.2015,642.35
16.11.2015,647.81
17.11.2015,643.3
18.11.2015,663.54
19.11.2015,661.27
20.11.2015,668.45
23.11.2015,678.99
24.11.2015,671.15
25.11.2015,675.34
27.11.2015,673.26
30.11.2015,664.8
01.12.2015,679.06
02.12.2015,676.01
03.12.2015,666.25
04.12.2015,672.64
07.12.2015,669.83
08.12.2015,677.33
09.12.2015,664.79
10.12.2015,662.32
11.12.2015,640.15
14.12.2015,657.91
15.12.2015,658.64
16.12.2015,675.77
17.12.2015,670.65
18.12.2015,664.14
21.12.2015,664.51
22.12.2015,663.15
23.12.2015,663.7
24.12.2015,662.79
28.12.2015,675.2
29.12.2015,693.97
30.12.2015,689.07
31.12.2015,675.89
04.01.2016,636.99
05.01.2016,633.79
06.01.2016,632.65
07.01.2016,607.94
08.01.2016,607.05
11.01.2016,617.74
12.01.2016,617.89
13.01.2016,581.81
14.01.2016,593
15.01.2016,570.18
19.01.2016,574.48
20.01.2016,571.77
21.01.2016,575.02
22.01.2016,596.38
25.01.2016,596.53
26.01.2016,601.25
27.01.2016,583.35
28.01.2016,635.35
29.01.2016,587
01.02.2016,574.81
02.02.2016,552.1
03.02.2016,531.07
04.02.2016,536.26
05.02.2016,502.13
08.02.2016,488.1
09.02.2016,482.07
10.02.2016,490.48
11.02.2016,503.82
12.02.2016,507.08
16.02.2016,521.1
17.02.2016,534.1
18.02.2016,525
19.02.2016,534.9
22.02.2016,559.5
23.02.2016,552.94
24.02.2016,554.04
25.02.2016,555.15
26.02.2016,555.23
27.02.2016,555.36
29.02.2016,552.52
01.03.2016,579.04
02.03.2016,580.21
03.03.2016,577.49
04.03.2016,575.14
07.03.2016,562.8
08.03.2016,560.26
09.03.2016,559.47
10.03.2016,558.93
11.03.2016,569.61
14.03.2016,573.37
15.03.2016,577.02
16.03.2016,574.27
17.03.2016,559.44
18.03.2016,552.08
21.03.2016,553.98
22.03.2016,560.48
23.03.2016,569.63
24.03.2016,582.95
28.03.2016,579.87
29.03.2016,593.86
30.03.2016,598.69
31.03.2016,593.64
01.04.2016,598.5
04.04.2016,593.19
05.04.2016,586.14
06.04.2016,602.08
07.04.2016,591.43
08.04.2016,594.6
11.04.2016,595.93
12.04.2016,603.17
13.04.2016,614.82
14.04.2016,620.75
15.04.2016,625.89
18.04.2016,635.35
19.04.2016,627.9
20.04.2016,632.99
21.04.2016,631
22.04.2016,620.5
25.04.2016,626.2
26.04.2016,616.88
27.04.2016,606.57
28.04.2016,602
29.04.2016,659.59
02.05.2016,683.85
03.05.2016,671.32
04.05.2016,670.9
05.05.2016,659.09
06.05.2016,673.95
09.05.2016,679.75
10.05.2016,703.07
11.05.2016,713.23
12.05.2016,717.93
13.05.2016,709.92
16.05.2016,710.66
17.05.2016,695.27
18.05.2016,697.45
19.05.2016,698.52
20.05.2016,702.8
23.05.2016,696.75
24.05.2016,704.2
25.05.2016,708.35
26.05.2016,714.91
27.05.2016,712.24
31.05.2016,722.79
01.06.2016,719.44
02.06.2016,728.24
03.06.2016,725.54
06.06.2016,726.73
07.06.2016,723.74
08.06.2016,726.64
09.06.2016,727.65
10.06.2016,717.91
13.06.2016,715.24
14.06.2016,719.3
15.06.2016,714.26
16.06.2016,717.51
17.06.2016,706.39
20.06.2016,714.01
21.06.2016,715.82
22.06.2016,710.6
23.06.2016,722.08
24.06.2016,698.96
27.06.2016,691.36
28.06.2016,707.95
29.06.2016,715.6
30.06.2016,715.62
01.07.2016,725.68
05.07.2016,728.1
06.07.2016,737.61
07.07.2016,736.57
08.07.2016,745.81
11.07.2016,753.78
12.07.2016,748.21
13.07.2016,742.63
14.07.2016,741.2
15.07.2016,735.44
18.07.2016,736.07
19.07.2016,739.95
20.07.2016,745.72
21.07.2016,744.43
22.07.2016,744.86
25.07.2016,739.61
26.07.2016,735.59
27.07.2016,736.67
28.07.2016,752.61
29.07.2016,758.81
01.08.2016,767.74
02.08.2016,760.58
03.08.2016,754.64
04.08.2016,760.77
05.08.2016,765.98
08.08.2016,766.56
09.08.2016,768.31
10.08.2016,768.56
11.08.2016,771.24
12.08.2016,772.56
15.08.2016,768.49
16.08.2016,764.04
17.08.2016,764.63
18.08.2016,764.46
19.08.2016,757.31
22.08.2016,759.48
23.08.2016,762.45
24.08.2016,757.25
25.08.2016,759.22
26.08.2016,769
29.08.2016,771.29
30.08.2016,767.58
31.08.2016,769.16
01.09.2016,770.62
02.09.2016,772.44
06.09.2016,788.87
07.09.2016,784.48
08.09.2016,784.06
09.09.2016,760.14
12.09.2016,771.49
13.09.2016,761.01
14.09.2016,761.09
15.09.2016,769.69
16.09.2016,778.52
19.09.2016,775.1
20.09.2016,780.22
21.09.2016,789.74
22.09.2016,804.7
23.09.2016,805.75
26.09.2016,799.16
27.09.2016,816.11
28.09.2016,828.72
29.09.2016,829.05
30.09.2016,837.31
03.10.2016,836.74
04.10.2016,834.03
05.10.2016,844.36
06.10.2016,841.66
07.10.2016,839.43
10.10.2016,841.71
11.10.2016,831
12.10.2016,834.09
13.10.2016,829.28
14.10.2016,822.96
17.10.2016,812.95
18.10.2016,817.65
19.10.2016,817.69
20.10.2016,810.32
21.10.2016,818.99
24.10.2016,838.09
25.10.2016,835.18
26.10.2016,822.59
27.10.2016,818.36
28.10.2016,776.32
31.10.2016,789.82
01.11.2016,785.41
02.11.2016,765.56
03.11.2016,767.03
04.11.2016,755.05
07.11.2016,784.93
08.11.2016,787.75
09.11.2016,771.88
10.11.2016,742.38
11.11.2016,739.01
14.11.2016,719.07
15.11.2016,743.24
16.11.2016,746.49
17.11.2016,756.4
18.11.2016,760.16
21.11.2016,780
22.11.2016,785.33
23.11.2016,780.12
25.11.2016,780.37
28.11.2016,766.77
29.11.2016,762.52
30.11.2016,750.57
01.12.2016,743.65
02.12.2016,740.34
05.12.2016,759.36
06.12.2016,764.72
07.12.2016,770.42
08.12.2016,767.33
09.12.2016,768.66
12.12.2016,760.12
13.12.2016,774.34
14.12.2016,768.82
15.12.2016,761
16.12.2016,757.77
19.12.2016,766
20.12.2016,771.22
21.12.2016,770.6
22.12.2016,766.34
23.12.2016,760.59
27.12.2016,771.4
28.12.2016,772.13
29.12.2016,765.15
30.12.2016,749.87
03.01.2017,753.67
04.01.2017,757.18
05.01.2017,780.45
06.01.2017,795.99
09.01.2017,796.92
10.01.2017,795.9
11.01.2017,799.02
12.01.2017,813.64
13.01.2017,817.14
17.01.2017,809.72
18.01.2017,807.48
19.01.2017,809.04
20.01.2017,808.33
23.01.2017,817.88
24.01.2017,822.44
25.01.2017,836.52
26.01.2017,839.15
27.01.2017,835.77
30.01.2017,830.38
31.01.2017,823.48
01.02.2017,832.35
02.02.2017,839.95
03.02.2017,810.2
06.02.2017,807.64
07.02.2017,812.5
08.02.2017,819.71
09.02.2017,821.36
10.02.2017,827.46
13.02.2017,836.53
14.02.2017,836.39
15.02.2017,842.7
16.02.2017,844.14
17.02.2017,845.07
21.02.2017,856.44
22.02.2017,855.61
23.02.2017,852.19
24.02.2017,845.24
27.02.2017,848.64
28.02.2017,845.04
01.03.2017,853.08
02.03.2017,848.91
03.03.2017,849.88
06.03.2017,846.61
07.03.2017,846.02
08.03.2017,850.5
09.03.2017,853
10.03.2017,852.46
13.03.2017,854.59
14.03.2017,852.53
15.03.2017,852.97
16.03.2017,853.42
17.03.2017,852.31
20.03.2017,856.97
21.03.2017,843.2
22.03.2017,848.06
23.03.2017,847.38
24.03.2017,845.61
27.03.2017,846.82
28.03.2017,856
29.03.2017,874.32
30.03.2017,876.34
31.03.2017,886.54
03.04.2017,891.51
04.04.2017,906.83
05.04.2017,909.28
06.04.2017,898.28
07.04.2017,894.88
10.04.2017,907.04
11.04.2017,902.36
12.04.2017,896.23
13.04.2017,884.67
17.04.2017,901.99
18.04.2017,903.78
19.04.2017,899.2
20.04.2017,902.06
21.04.2017,898.53
24.04.2017,907.41
25.04.2017,907.62
26.04.2017,909.29
27.04.2017,918.38
28.04.2017,924.99
01.05.2017,948.23
02.05.2017,946.94
03.05.2017,941.03
04.05.2017,937.53
05.05.2017,934.15
08.05.2017,949.04
09.05.2017,952.82
10.05.2017,948.95
11.05.2017,947.62
12.05.2017,961.35
15.05.2017,957.97
16.05.2017,966.07
17.05.2017,944.76
18.05.2017,958.49
19.05.2017,959.84
22.05.2017,970.67
23.05.2017,971.54
24.05.2017,980.35
25.05.2017,993.38
26.05.2017,995.78
30.05.2017,996.7
31.05.2017,994.62
01.06.2017,995.95
02.06.2017,1006.73
05.06.2017,1011.34
06.06.2017,1003
07.06.2017,1010.07
08.06.2017,1010.27
09.06.2017,978.31
12.06.2017,964.91
13.06.2017,980.79
14.06.2017,976.47
15.06.2017,964.17
16.06.2017,987.71
19.06.2017,995.17
20.06.2017,992.59
21.06.2017,1002.23
22.06.2017,1001.3
23.06.2017,1003.74
26.06.2017,993.98
27.06.2017,976.78
28.06.2017,990.33
29.06.2017,975.93
30.06.2017,968
03.07.2017,953.66
05.07.2017,971.4
06.07.2017,965.14
07.07.2017,978.76
10.07.2017,996.47
11.07.2017,994.13
12.07.2017,1006.51
13.07.2017,1000.63
14.07.2017,1001.81
17.07.2017,1010.04
18.07.2017,1024.45
19.07.2017,1026.87
20.07.2017,1028.7
21.07.2017,1025.67
24.07.2017,1038.95
25.07.2017,1039.87
26.07.2017,1052.8
27.07.2017,1046
28.07.2017,1020.04
31.07.2017,987.78
01.08.2017,996.19
02.08.2017,995.89
03.08.2017,986.92
04.08.2017,987.58
07.08.2017,992.27
08.08.2017,989.84
09.08.2017,982.01
10.08.2017,956.92
11.08.2017,967.99
14.08.2017,983.3
15.08.2017,982.74
16.08.2017,978.18
17.08.2017,960.57
18.08.2017,958.47
21.08.2017,953.29
22.08.2017,966.9
23.08.2017,958
24.08.2017,952.45
25.08.2017,945.26
28.08.2017,946.02
29.08.2017,954.06
30.08.2017,967.59
31.08.2017,980.6
01.09.2017,978.25
05.09.2017,965.27
06.09.2017,967.8
07.09.2017,979.47
08.09.2017,965.9
11.09.2017,977.96
12.09.2017,982.58
13.09.2017,999.6
14.09.2017,992.21
15.09.2017,986.79
18.09.2017,974.19
19.09.2017,969.86
20.09.2017,973.21
21.09.2017,964.65
22.09.2017,955.1
25.09.2017,939.79
26.09.2017,938.6
27.09.2017,950.87
28.09.2017,956.4
29.09.2017,961.35
02.10.2017,959.19
03.10.2017,957.1
04.10.2017,965.45
05.10.2017,980.85
06.10.2017,989.58
09.10.2017,990.99
10.10.2017,987.2
11.10.2017,995
12.10.2017,1000.93
13.10.2017,1002.94
16.10.2017,1006.34
17.10.2017,1009.13
18.10.2017,997
19.10.2017,986.61
20.10.2017,982.91
23.10.2017,966.3
24.10.2017,975.9
25.10.2017,972.91
26.10.2017,972.43
27.10.2017,1100.95
30.10.2017,1110.85
31.10.2017,1105.28
01.11.2017,1103.68
02.11.2017,1094.22
03.11.2017,1111.6
06.11.2017,1120.66
07.11.2017,1123.17
08.11.2017,1132.88
09.11.2017,1129.13
10.11.2017,1125.35
13.11.2017,1129.17
14.11.2017,1136.84
15.11.2017,1126.69
16.11.2017,1137.29
17.11.2017,1129.88
20.11.2017,1126.31
21.11.2017,1139.49
22.11.2017,1156.16
24.11.2017,1186
27.11.2017,1195.83
28.11.2017,1193.6
29.11.2017,1161.27
30.11.2017,1176.75
01.12.2017,1162.35
04.12.2017,1133.95
05.12.2017,1141.57
06.12.2017,1152.35
07.12.2017,1159.79
08.12.2017,1162
11.12.2017,1168.92
12.12.2017,1165.08
13.12.2017,1164.13
14.12.2017,1174.26
15.12.2017,1179.14
18.12.2017,1190.58
19.12.2017,1187.38
20.12.2017,1177.62
21.12.2017,1174.76
22.12.2017,1168.36
26.12.2017,1176.76
27.12.2017,1182.26
28.12.2017,1186.1
29.12.2017,1169.47
02.01.2018,1189.01
03.01.2018,1204.2
04.01.2018,1209.59
05.01.2018,1229.14
08.01.2018,1246.87
09.01.2018,1252.7
10.01.2018,1254.33
11.01.2018,1276.68
12.01.2018,1305.2
16.01.2018,1304.86
17.01.2018,1295
18.01.2018,1293.32
19.01.2018,1294.58
22.01.2018,1327.31
23.01.2018,1362.54
24.01.2018,1357.51
25.01.2018,1377.95
26.01.2018,1402.05
29.01.2018,1417.68
30.01.2018,1437.82
31.01.2018,1450.89
01.02.2018,1390
02.02.2018,1429.95
05.02.2018,1390
06.02.2018,1442.84
07.02.2018,1416.78
08.02.2018,1350.5
09.02.2018,1339.6
12.02.2018,1386.23
13.02.2018,1414.51
14.02.2018,1451.05
15.02.2018,1461.76
16.02.2018,1448.69
20.02.2018,1468.35
21.02.2018,1482.92
22.02.2018,1485.34
23.02.2018,1500
26.02.2018,1521.95
27.02.2018,1511.98
28.02.2018,1512.45
01.03.2018,1493.45
02.03.2018,1500.25
05.03.2018,1523.61
06.03.2018,1537.64
07.03.2018,1545
08.03.2018,1551.86
09.03.2018,1578.89
12.03.2018,1598.39
13.03.2018,1588.18
14.03.2018,1591
15.03.2018,1582.32
16.03.2018,1571.68
19.03.2018,1544.93
20.03.2018,1586.51
21.03.2018,1581.86
22.03.2018,1544.92
23.03.2018,1495.56
26.03.2018,1555.86
27.03.2018,1497.05
28.03.2018,1431.42
29.03.2018,1447.34
02.04.2018,1371.99
03.04.2018,1392.05
04.04.2018,1410.57
05.04.2018,1451.75
06.04.2018,1405.23
09.04.2018,1406.08
10.04.2018,1436.22
11.04.2018,1427.05
12.04.2018,1448.5
13.04.2018,1430.79
16.04.2018,1441.5
17.04.2018,1503.83
18.04.2018,1527.84
19.04.2018,1556.91
20.04.2018,1527.49
23.04.2018,1517.86
24.04.2018,1460.09
25.04.2018,1460.17
26.04.2018,1517.96
27.04.2018,1572.62
30.04.2018,1566.13
01.05.2018,1582.26
02.05.2018,1569.68
03.05.2018,1572.08
04.05.2018,1580.95
07.05.2018,1600.14
08.05.2018,1592.39
09.05.2018,1608
10.05.2018,1609.08
11.05.2018,1602.91
14.05.2018,1601.54
15.05.2018,1576.12
16.05.2018,1587.28
17.05.2018,1581.76
18.05.2018,1574.37
21.05.2018,1585.46
22.05.2018,1581.4
23.05.2018,1601.86
24.05.2018,1603.07
25.05.2018,1610.15
29.05.2018,1612.87
30.05.2018,1624.89
31.05.2018,1629.62
01.06.2018,1641.54
04.06.2018,1665.27
05.06.2018,1696.35
06.06.2018,1695.75
07.06.2018,1689.3
08.06.2018,1683.99
11.06.2018,1689.12
12.06.2018,1698.75
13.06.2018,1704.86
14.06.2018,1723.86
15.06.2018,1715.97
18.06.2018,1723.79
19.06.2018,1734.78
20.06.2018,1750.08
21.06.2018,1730.22
22.06.2018,1715.67
25.06.2018,1663.15
26.06.2018,1691.09
27.06.2018,1660.51
28.06.2018,1701.45
29.06.2018,1699.8
02.07.2018,1713.78
03.07.2018,1693.96
05.07.2018,1699.73
06.07.2018,1710.63
09.07.2018,1739.02
10.07.2018,1743.07
11.07.2018,1755
12.07.2018,1796.62
13.07.2018,1813.03
16.07.2018,1822.49
17.07.2018,1843.93
18.07.2018,1842.92
19.07.2018,1812.97
20.07.2018,1813.7
23.07.2018,1802
24.07.2018,1829.24
25.07.2018,1863.61
26.07.2018,1808
27.07.2018,1817.27
30.07.2018,1779.22
31.07.2018,1777.44
01.08.2018,1797.17
02.08.2018,1834.33
03.08.2018,1823.29
06.08.2018,1847.75
07.08.2018,1862.48
08.08.2018,1886.52
09.08.2018,1898.52
10.08.2018,1886.3
13.08.2018,1896.2
14.08.2018,1919.65
15.08.2018,1882.62
16.08.2018,1886.52
17.08.2018,1882.22
20.08.2018,1876.71
21.08.2018,1883.42
22.08.2018,1904.9
23.08.2018,1902.9
24.08.2018,1905.39
27.08.2018,1927.68
28.08.2018,1932.82
29.08.2018,1998.1
30.08.2018,2002.38
31.08.2018,2012.71
04.09.2018,2039.51
05.09.2018,1994.82
06.09.2018,1958.31
07.09.2018,1952.07
10.09.2018,1939.01
11.09.2018,1987.15
12.09.2018,1990
13.09.2018,1989.87
14.09.2018,1970.19
17.09.2018,1908.03
18.09.2018,1941.05
19.09.2018,1926.42
20.09.2018,1944.3
21.09.2018,1915.01
24.09.2018,1934.36
25.09.2018,1974.55
26.09.2018,1974.85
27.09.2018,2012.98
28.09.2018,2003
01.10.2018,2004.36
02.10.2018,1971.31
03.10.2018,1952.76
04.10.2018,1909.42
05.10.2018,1889.65
08.10.2018,1864.42
09.10.2018,1870.32
10.10.2018,1755.25
11.10.2018,1719.36
12.10.2018,1788.61
15.10.2018,1760.95
16.10.2018,1819.96
17.10.2018,1831.73
18.10.2018,1770.72
19.10.2018,1764.03
22.10.2018,1789.3
23.10.2018,1768.7
24.10.2018,1664.2
25.10.2018,1782.17
26.10.2018,1642.81
29.10.2018,1538.88
30.10.2018,1530.42
31.10.2018,1598.01
01.11.2018,1665.53
02.11.2018,1665.53
05.11.2018,1627.8
06.11.2018,1642.81
07.11.2018,1755.49
08.11.2018,1754.91
09.11.2018,1712.43
12.11.2018,1636.85
13.11.2018,1631.17
14.11.2018,1599.01
15.11.2018,1619.44
16.11.2018,1593.41
19.11.2018,1512.29
20.11.2018,1495.46
21.11.2018,1516.73
23.11.2018,1502.06
26.11.2018,1581.33
27.11.2018,1581.42
28.11.2018,1677.75
29.11.2018,1673.57
30.11.2018,1690.17
03.12.2018,1772.36
04.12.2018,1668.4
06.12.2018,1699.19
07.12.2018,1629.13
10.12.2018,1641.03
11.12.2018,1643.24
12.12.2018,1663.54
13.12.2018,1658.38
14.12.2018,1591.91
17.12.2018,1520.91
18.12.2018,1551.48
19.12.2018,1495.08
20.12.2018,1460.83
21.12.2018,1377.45
24.12.2018,1343.96
26.12.2018,1470.9
27.12.2018,1461.64
28.12.2018,1478.02
31.12.2018,1501.97
02.01.2019,1539.13
03.01.2019,1500.28
04.01.2019,1575.39
07.01.2019,1629.51
08.01.2019,1656.58
09.01.2019,1659.42
10.01.2019,1656.22
11.01.2019,1640.56
14.01.2019,1617.21
15.01.2019,1674.56
16.01.2019,1683.78
17.01.2019,1693.22
18.01.2019,1696.2
22.01.2019,1632.17
23.01.2019,1640.02
24.01.2019,1654.93
25.01.2019,1670.57
28.01.2019,1637.89
29.01.2019,1593.88
30.01.2019,1670.43
31.01.2019,1718.73
01.02.2019,1626.23
04.02.2019,1633.31
05.02.2019,1658.81
06.02.2019,1640.26
07.02.2019,1614.37
08.02.2019,1588.22
11.02.2019,1591
12.02.2019,1638.01
13.02.2019,1640
14.02.2019,1622.65
15.02.2019,1607.95
19.02.2019,1627.58
20.02.2019,1622.1
21.02.2019,1619.44
22.02.2019,1631.56
25.02.2019,1633
26.02.2019,1636.4
27.02.2019,1641.09
28.02.2019,1639.83
01.03.2019,1671.73
04.03.2019,1696.17
05.03.2019,1692.43
06.03.2019,1668.95
07.03.2019,1625.95
08.03.2019,1620.8
11.03.2019,1670.62
12.03.2019,1673.1
13.03.2019,1690.81
14.03.2019,1686.22
15.03.2019,1712.36
18.03.2019,1742.15
19.03.2019,1761.85
20.03.2019,1797.27
21.03.2019,1819.26
22.03.2019,1764.77
25.03.2019,1774.26
26.03.2019,1783.76
27.03.2019,1765.7
28.03.2019,1773.42
29.03.2019,1780.75
01.04.2019,1814.19
02.04.2019,1813.98
03.04.2019,1820.7
04.04.2019,1818.86
05.04.2019,1837.28
08.04.2019,1849.86
09.04.2019,1835.84
10.04.2019,1847.33
11.04.2019,1844.07
12.04.2019,1843.06
15.04.2019,1844.87
16.04.2019,1863.04
17.04.2019,1864.82
18.04.2019,1861.69
22.04.2019,1887.31
23.04.2019,1923.77
24.04.2019,1901.75
25.04.2019,1902.25
26.04.2019,1950.63
29.04.2019,1938.43
30.04.2019,1926.52
01.05.2019,1911.52
02.05.2019,1900.82
03.05.2019,1962.46
06.05.2019,1950.55
07.05.2019,1921
08.05.2019,1917.77
09.05.2019,1899.87
10.05.2019,1889.98
13.05.2019,1822.68
14.05.2019,1840.12
15.05.2019,1871.15
16.05.2019,1907.57
17.05.2019,1869
20.05.2019,1858.97
21.05.2019,1857.52
22.05.2019,1859.68
23.05.2019,1815.48
24.05.2019,1823.28
28.05.2019,1836.43
29.05.2019,1819.19
30.05.2019,1816.32
31.05.2019,1775.07
03.06.2019,1692.69
04.06.2019,1729.56
05.06.2019,1738.5
06.06.2019,1754.36
07.06.2019,1804.03
10.06.2019,1860.63
11.06.2019,1863.7
12.06.2019,1855.32
13.06.2019,1870.3
14.06.2019,1869.67
17.06.2019,1886.03
18.06.2019,1901.37
19.06.2019,1908.79
20.06.2019,1918.19
21.06.2019,1911.3
24.06.2019,1913.9
25.06.2019,1878.27
26.06.2019,1897.83
27.06.2019,1904.28
28.06.2019,1893.63
01.07.2019,1922.19
02.07.2019,1934.31
03.07.2019,1939
05.07.2019,1942.91
08.07.2019,1952.32
09.07.2019,1988.3
10.07.2019,2017.41
11.07.2019,2001.07
12.07.2019,2011
15.07.2019,2020.99
16.07.2019,2009.9
17.07.2019,1992.03
18.07.2019,1977.9
19.07.2019,1964.52
22.07.2019,1985.63
23.07.2019,1994.49
24.07.2019,2000.81
25.07.2019,1973.82
26.07.2019,1943.05
29.07.2019,1912.45
30.07.2019,1898.53
31.07.2019,1866.78
01.08.2019,1855.32
02.08.2019,1823.24
05.08.2019,1765.13
06.08.2019,1787.83
07.08.2019,1793.4
08.08.2019,1832.89
09.08.2019,1807.58
12.08.2019,1784.92
13.08.2019,1824.34
14.08.2019,1762.96
15.08.2019,1776.12
16.08.2019,1792.57
19.08.2019,1816.12
20.08.2019,1801.38
21.08.2019,1823.54
22.08.2019,1805.6
23.08.2019,1749.62
26.08.2019,1768.87
27.08.2019,1761.83
28.08.2019,1764.25
29.08.2019,1786.4
30.08.2019,1776.29
03.09.2019,1789.84
04.09.2019,1800.62
05.09.2019,1840.72
06.09.2019,1833.51
09.09.2019,1831.35
10.09.2019,1820.55
11.09.2019,1822.99
12.09.2019,1843.55
13.09.2019,1839.34
16.09.2019,1807.84
17.09.2019,1822.55
18.09.2019,1817.46
19.09.2019,1821.5
20.09.2019,1794.16
23.09.2019,1785.3
24.09.2019,1741.61
25.09.2019,1768.33
26.09.2019,1739.84
27.09.2019,1725.45
30.09.2019,1735.91
01.10.2019,1735.65
02.10.2019,1713.23
03.10.2019,1724.42
04.10.2019,1739.65
07.10.2019,1732.66
08.10.2019,1705.51
09.10.2019,1721.99
10.10.2019,1720.26
11.10.2019,1731.92
14.10.2019,1736.43
15.10.2019,1767.38
16.10.2019,1777.43
17.10.2019,1787.48
18.10.2019,1757.51
21.10.2019,1785.66
22.10.2019,1765.73
23.10.2019,1762.17
24.10.2019,1780.78
25.10.2019,1761.33
28.10.2019,1777.08
29.10.2019,1762.71
30.10.2019,1779.99
31.10.2019,1776.66
01.11.2019,1791.44
04.11.2019,1804.66
05.11.2019,1801.71
06.11.2019,1795.77
07.11.2019,1788.2
08.11.2019,1785.88
11.11.2019,1771.65
12.11.2019,1778
13.11.2019,1753.11
14.11.2019,1754.6
15.11.2019,1739.49
18.11.2019,1752.53
19.11.2019,1752.79
20.11.2019,1745.53
21.11.2019,1734.71
22.11.2019,1745.72
25.11.2019,1773.84
26.11.2019,1796.94
27.11.2019,1818.51
29.11.2019,1800.8
02.12.2019,1781.6
03.12.2019,1769.96
04.12.2019,1760.69
05.12.2019,1740.48
06.12.2019,1751.6
09.12.2019,1749.51
10.12.2019,1739.21
11.12.2019,1748.72
12.12.2019,1760.33
13.12.2019,1760.94
16.12.2019,1769.21
17.12.2019,1790.66
18.12.2019,1784.03
19.12.2019,1792.28
20.12.2019,1786.5
23.12.2019,1793
24.12.2019,1789.21
26.12.2019,1868.77
27.12.2019,1869.8
30.12.2019,1846.89
31.12.2019,1847.84
02.01.2020,1898.01
03.01.2020,1874.97
06.01.2020,1902.88
07.01.2020,1906.86
08.01.2020,1891.97
09.01.2020,1901.05
10.01.2020,1883.16
13.01.2020,1891.3
14.01.2020,1869.44
15.01.2020,1862.02
16.01.2020,1877.94
17.01.2020,1864.72
21.01.2020,1892
22.01.2020,1887.46
23.01.2020,1884.58
24.01.2020,1861.64
27.01.2020,1828.34
28.01.2020,1853.25
29.01.2020,1858
30.01.2020,1870.68
31.01.2020,2008.72
03.02.2020,2004.2
04.02.2020,2049.67
05.02.2020,2039.87
06.02.2020,2050.23
07.02.2020,2079.28
10.02.2020,2133.91
11.02.2020,2150.8
12.02.2020,2160
13.02.2020,2149.87
14.02.2020,2134.87
18.02.2020,2155.67
19.02.2020,2170.22
20.02.2020,2153.1
21.02.2020,2095.97
24.02.2020,2009.29
25.02.2020,1972.74
26.02.2020,1979.59
27.02.2020,1884.3
28.02.2020,1883.75
02.03.2020,1953.95
03.03.2020,1908.99
04.03.2020,1975.83
05.03.2020,1924.03
06.03.2020,1901.09
09.03.2020,1800.61
10.03.2020,1891.82
11.03.2020,1820.86
12.03.2020,1676.61
13.03.2020,1785
16.03.2020,1689.15
17.03.2020,1807.84
18.03.2020,1830
19.03.2020,1880.93
20.03.2020,1846.09
23.03.2020,1902.83
24.03.2020,1940.1
25.03.2020,1885.84
26.03.2020,1955.49
27.03.2020,1900.1
30.03.2020,1963.95
31.03.2020,1949.72
01.04.2020,1907.7
02.04.2020,1918.83
03.04.2020,1906.59
06.04.2020,1997.59
07.04.2020,2011.6
08.04.2020,2043
09.04.2020,2042.76
13.04.2020,2168.87
14.04.2020,2283.32
15.04.2020,2307.68
16.04.2020,2408.19
17.04.2020,2375
20.04.2020,2393.61
21.04.2020,2328.12
22.04.2020,2363.49
23.04.2020,2399.45
24.04.2020,2410.22
27.04.2020,2376
28.04.2020,2314.08
29.04.2020,2372.71
30.04.2020,2474
01.05.2020,2286.04
04.05.2020,2315.99
05.05.2020,2317.8
06.05.2020,2351.26
07.05.2020,2367.61
08.05.2020,2379.61
11.05.2020,2409
12.05.2020,2356.95
13.05.2020,2367.92
14.05.2020,2388.85
15.05.2020,2409.78
18.05.2020,2426.26
19.05.2020,2449.33
20.05.2020,2497.94
21.05.2020,2446.74
22.05.2020,2436.88
26.05.2020,2421.86
27.05.2020,2410.39
28.05.2020,2401.1
29.05.2020,2442.37
01.06.2020,2471.04
02.06.2020,2472.41
03.06.2020,2478.4
04.06.2020,2460.6
05.06.2020,2483
08.06.2020,2524.06
09.06.2020,2600.86
10.06.2020,2647.45
11.06.2020,2557.96
12.06.2020,2545.02
15.06.2020,2572.68
16.06.2020,2615.27
17.06.2020,2640.98
18.06.2020,2653.98
19.06.2020,2675.01
22.06.2020,2713.82
23.06.2020,2764.41
24.06.2020,2734.4
25.06.2020,2754.58
26.06.2020,2692.87
29.06.2020,2680.38
30.06.2020,2758.82
01.07.2020,2878.7
02.07.2020,2890.3
06.07.2020,3057.04
07.07.2020,3000.12
08.07.2020,3081.11
09.07.2020,3182.63
10.07.2020,3200
13.07.2020,3104
14.07.2020,3084
15.07.2020,3008.87
16.07.2020,2999.9
17.07.2020,2961.97
20.07.2020,3196.84
21.07.2020,3138.29
22.07.2020,3099.91
23.07.2020,2986.55
24.07.2020,3008.91
27.07.2020,3055.21
28.07.2020,3000.33
29.07.2020,3033.53
30.07.2020,3051.88
31.07.2020,3164.68
03.08.2020,3111.89
04.08.2020,3138.83
05.08.2020,3205.03
06.08.2020,3225
07.08.2020,3167.46
10.08.2020,3148.16
11.08.2020,3080.67
12.08.2020,3162.24
13.08.2020,3161.02
14.08.2020,3148.02
17.08.2020,3182.41
18.08.2020,3312.49
19.08.2020,3260.48
20.08.2020,3297.37
21.08.2020,3284.72
24.08.2020,3307.46
25.08.2020,3346.49
26.08.2020,3441.85
27.08.2020,3400
28.08.2020,3401.8
31.08.2020,3450.96
01.09.2020,3499.12
02.09.2020,3531.45
03.09.2020,3368
04.09.2020,3294.62
08.09.2020,3149.84
09.09.2020,3268.61
10.09.2020,3175.11
11.09.2020,3116.22
14.09.2020,3102.97
15.09.2020,3156.13
16.09.2020,3078.1
17.09.2020,3008.73
18.09.2020,2954.91
21.09.2020,2960.47
22.09.2020,3128.99
23.09.2020,2999.86
24.09.2020,3019.79
25.09.2020,3095.13
28.09.2020,3174.05
29.09.2020,3144.88
30.09.2020,3148.73
01.10.2020,3221.26
02.10.2020,3125
05.10.2020,3199.2
06.10.2020,3099.96
07.10.2020,3195.69
08.10.2020,3190.55
09.10.2020,3286.65
12.10.2020,3442.93
13.10.2020,3443.63
14.10.2020,3363.71
15.10.2020,3338.65
16.10.2020,3272.71
19.10.2020,3207.21
20.10.2020,3217.01
21.10.2020,3184.94
22.10.2020,3176.4
23.10.2020,3204.4
26.10.2020,3207.04
27.10.2020,3286.33
28.10.2020,3162.78
29.10.2020,3211.01
30.10.2020,3036.15
02.11.2020,3004.48
03.11.2020,3048.41
04.11.2020,3241.16
05.11.2020,3322
06.11.2020,3311.37
09.11.2020,3143.74
10.11.2020,3035.02
11.11.2020,3137.39
12.11.2020,3110.28
13.11.2020,3128.81
16.11.2020,3131.06
17.11.2020,3135.66
18.11.2020,3105.46
19.11.2020,3117.02
20.11.2020,3099.4
23.11.2020,3098.39
24.11.2020,3118.06
25.11.2020,3185.07
27.11.2020,3195.34
30.11.2020,3168.04
01.12.2020,3220.08
02.12.2020,3203.53
03.12.2020,3186.73
04.12.2020,3162.58
07.12.2020,3158
08.12.2020,3177.29
09.12.2020,3104.2
10.12.2020,3101.49
11.12.2020,3116.42
14.12.2020,3156.97
15.12.2020,3165.12
16.12.2020,3240.96
17.12.2020,3236.08
18.12.2020,3201.65
21.12.2020,3206.18
22.12.2020,3206.52
23.12.2020,3185.27
24.12.2020,3172.69
28.12.2020,3283.96
29.12.2020,3322
30.12.2020,3285.85
31.12.2020,3256.93
04.01.2021,3186.63
05.01.2021,3218.51
06.01.2021,3138.38
07.01.2021,3162.16
08.01.2021,3182.7
11.01.2021,3114.21
12.01.2021,3120.83
13.01.2021,3165.89
14.01.2021,3127.47
15.01.2021,3104.25
19.01.2021,3120.76
20.01.2021,3263.38
21.01.2021,3306.99
22.01.2021,3292.23
25.01.2021,3294
26.01.2021,3326.13
27.01.2021,3232.58
28.01.2021,3237.62
29.01.2021,3206.2
01.02.2021,3342.88
02.02.2021,3380
03.02.2021,3312.53
04.02.2021,3331
05.02.2021,3352.15
08.02.2021,3322.94
09.02.2021,3305
10.02.2021,3286.58
11.02.2021,3262.13
12.02.2021,3277.71
16.02.2021,3268.95
17.02.2021,3308.64
18.02.2021,3328.23
19.02.2021,3249.9
22.02.2021,3180.74
23.02.2021,3194.5
24.02.2021,3159.53
25.02.2021,3057.16
26.02.2021,3092.93
01.03.2021,3146.14
02.03.2021,3094.53
03.03.2021,3005
04.03.2021,2977.57
05.03.2021,3000.46
08.03.2021,2951.95
09.03.2021,3062.85
10.03.2021,3057.64
11.03.2021,3113.59
12.03.2021,3089.49
15.03.2021,3081.68
16.03.2021,3091.86
17.03.2021,3135.73
18.03.2021,3027.99
19.03.2021,3074.96
22.03.2021,3110.87
23.03.2021,3137.5
24.03.2021,3087.07
25.03.2021,3046.26
26.03.2021,3052.03
29.03.2021,3075.73
30.03.2021,3055.29
31.03.2021,3094.08
01.04.2021,3161
05.04.2021,3226.73
06.04.2021,3223.82
07.04.2021,3279.39
08.04.2021,3299.3
09.04.2021,3372.2
12.04.2021,3379.39
13.04.2021,3400
14.04.2021,3333
15.04.2021,3379.09
16.04.2021,3399.44
19.04.2021,3372.01
20.04.2021,3334.69
21.04.2021,3362.02
22.04.2021,3309.04
23.04.2021,3340.88
26.04.2021,3409
27.04.2021,3417.43
28.04.2021,3458.5
29.04.2021,3471.31
30.04.2021,3467.42
03.05.2021,3386.49
04.05.2021,3311.87
05.05.2021,3270.54
06.05.2021,3306.37
07.05.2021,3291.61
10.05.2021,3190.49
11.05.2021,3223.91
12.05.2021,3151.94
13.05.2021,3161.47
14.05.2021,3222.9
17.05.2021,3270.39
18.05.2021,3232.28
19.05.2021,3231.8
20.05.2021,3247.68
21.05.2021,3203.08
24.05.2021,3244.99
25.05.2021,3259.05
26.05.2021,3265.16
27.05.2021,3230.11
28.05.2021,3223.07
01.06.2021,3218.65
02.06.2021,3233.99
03.06.2021,3187.01
04.06.2021,3206.22
07.06.2021,3198.01
08.06.2021,3264.11
09.06.2021,3281.15
10.06.2021,3349.65
11.06.2021,3346.83
14.06.2021,3383.87
15.06.2021,3383.13
16.06.2021,3415.25
17.06.2021,3489.24
18.06.2021,3486.9
21.06.2021,3453.96
22.06.2021,3505.4
23.06.2021,3503.8
24.06.2021,3449.1
25.06.2021,3401.46
28.06.2021,3443.9
29.06.2021,3448.1
30.06.2021,3440.2
01.07.2021,3433
02.07.2021,3510.98
06.07.2021,3675.74
07.07.2021,3696.58
08.07.2021,3731.41
09.07.2021,3719.34
12.07.2021,3718.55
13.07.2021,3677.36
14.07.2021,3681.68
15.07.2021,3631.2
16.07.2021,3573.63
19.07.2021,3549.59
20.07.2021,3573.19
21.07.2021,3585.2
22.07.2021,3638.03
23.07.2021,3656.64
26.07.2021,3699.82
27.07.2021,3626.39
28.07.2021,3630.32
29.07.2021,3599.92
30.07.2021,3327.59
02.08.2021,3331.48
03.08.2021,3366.24
04.08.2021,3354.72
05.08.2021,3375.99
06.08.2021,3344.94
